name,address,lat,lng
第1投票区 二区公民館,小田原市栄町1-9-18,35.2531251,139.1571262
第2投票区 緑公民館,小田原市栄町2-12-16,35.2570071,139.1603131
第3投票区 小田原市立新玉小学校 浜の風,小田原市浜町2-1-20,35.2555279,139.1645675
第4投票区 浜町公民館,小田原市浜町3-14-2,35.2511778,139.165092
第5投票区 小田原市立三の丸小学校 体育館,小田原市本町1-12-49,35.248544,139.156032
第7投票区 小田原市立町田小学校 体育館,小田原市寿町2-7-25,35.2610899,139.1669852
第8投票区 小田原市役所市民ホール,小田原市荻窪300,35.2648114,139.1522319
第9投票区 小田原市立城山中学校 体育館,小田原市城山3-4-1,35.2552671,139.1517509
第10投票区 井細田公民館,小田原市扇町3-5-5,35.2684228,139.1585339
第11投票区 多古公民館,小田原市扇町5-7-29,35.2736969,139.1556671
第12投票区 蓮正寺公民館,小田原市蓮正寺307-3,35.2860685,139.1522544
第13投票区 小田原市城北タウンセンターいずみ いずみホール,小田原市飯田岡382-2,35.2895169,139.1441377
第14投票区 堀之内公民館,小田原市堀之内181,35.297057,139.1469939
第15投票区 宮本公民館,小田原市久野454,35.2689425,139.149197
第16投票区 久野区民会館,小田原市久野1622,35.270995,139.137532
第17投票区 板橋公民館,小田原市板橋189,35.2468415,139.1423468
第18投票区 風祭自治会公民館,小田原市風祭284,35.2464166,139.1278981
第19投票区 小田原市立早川小学校 体育館,小田原市早川2-14-1,35.243588,139.143442
第20投票区 小田原市立山王小学校 体育館,小田原市東町2-9-1,35.257666,139.1758606
第21投票区 新田公民館,小田原市南鴨宮2-15-26,35.2735662,139.1777679
第22投票区 下府中市民集会施設,小田原市鴨宮555,35.3025141,139.1864494
第23投票区 小田原市川東タウンセンターマロニエ エントランスホール,小田原市中里273-6,35.2815335,139.1875188
第24投票区 小田原市立城北中学校 木工室,小田原市栢山2888,35.3077669,139.1389607
第25投票区 小田原市立豊川小学校 体育館,小田原市成田530-1,35.2862264,139.1655822
第26投票区 小田原市立千代小学校 体育館,小田原市千代687,35.295496,139.178249
第27投票区 下曽我市民集会施設,小田原市曽我原147,35.3025102,139.1864615
第28投票区 飯泉公民館,小田原市飯泉1108,35.279388,139.1647169
第29投票区 国府津駅自転車駐車場会議室,小田原市国府津4-1-2,35.280617,139.2117774
第30投票区 小田原市立国府津小学校 体育館,小田原市国府津2485,35.2823528,139.202556
第31投票区 小田原市立国府津中学校 体育館,小田原市国府津2372,35.2840302,139.1995508
第32投票区 田島公民館,小田原市田島734-8,35.2959445,139.197438
第33投票区 小田原市生きがいふれあいセンターいそしぎ 第2技能訓練室,小田原市酒匂2-32-15,35.2687154,139.1849318
第34投票区 小八幡公民館,小田原市小八幡3-1-27,35.276227,139.1999218
第35投票区 酒匂・小八幡地区自治会連合公民館,小田原市酒匂5-15-11,35.2695441,139.1946473
第36投票区 石橋公民館,小田原市石橋2,35.2245175,139.1411942
第37投票区 米神集会所,小田原市米神476,35.2155799,139.1414184
第38投票区 根府川公民館,小田原市根府川99,35.2020728,139.1373403
第39投票区 江之浦公民館,小田原市江之浦361,35.1888338,139.1334742
第40投票区 小田原市立曽我小学校 体育館,小田原市曽我大沢69,35.317054,139.166321
第41投票区 小田原市立前羽小学校 150ホール,小田原市前川858,35.2852698,139.2262794
第42投票区 中村原公民館,小田原市中村原431-2,35.2968878,139.2342005
第43投票区 小田原市立下中小学校 体育館,小田原市小船178,35.3018999,139.2251086
第44投票区 小竹公民館,小田原市小竹1761,35.3133921,139.2256269
第45投票区 北ノ窪公民館,小田原市北ノ窪352-1,35.2890726,139.1354728
第46投票区 穴部公民館,小田原市穴部549-3,35.2805495,139.1487138
第47投票区 中島公民館,小田原市中町2-11-2,35.260308,139.1649072
第48投票区 富水西北公民館,小田原市小台153,35.2977709,139.1377401
第49投票区 小田原市立桜井小学校 体育館,小田原市曽比1943,35.310513,139.1394496
第50投票区 東栢山公民館,小田原市栢山833,35.3063007,139.1469459
第51投票区 早川公民館,小田原市早川1-16-12,35.242006,139.1469645
第52投票区 市営蛍田住宅集会所,小田原市蓮正寺528,35.2853831,139.1570689
第53投票区 高田公民館,小田原市高田199,35.2935074,139.1854677
第54投票区 鴨宮公民館,小田原市鴨宮709,35.2852191,139.1798151
